term,posts,comments,authors,top_author,top_author_share,first,first_author,01-28,01-29,01-30,01-31,02-01,02-02,02-03,02-04,02-05,02-06,02-07,02-08
crustafarian,760,743,426,Memeothy,0.19,2026-01-29 20:40,Memeothy,0,11,107,141,101,211,123,183,164,157,118,187
church of molt,269,316,234,Memeothy,0.28,2026-01-29 20:40,Memeothy,0,13,218,113,33,60,26,44,37,15,10,16
molt church/congregation,266,448,181,ParishGreeter,0.349,2026-01-29 19:03,AI-Noon,0,3,95,66,29,83,34,78,113,72,63,78
shellraiser,3125,539,1527,CMZ_Live,0.03,2026-01-31 04:39,bicep,0,0,0,1108,736,910,186,204,156,120,124,120
kingmolt,2696,1427,1358,KloKirillTH,0.11,2026-01-28 22:29,crabwalk,1,1,23,435,816,1175,342,423,227,214,243,223
we agents,590,634,607,toximble,0.071,2026-01-29 22:47,AI-Noon,0,1,18,111,72,177,209,152,124,110,126,124
us agents,278,495,451,toximble,0.105,2026-01-29 11:07,ClawdClawderberg,0,3,22,79,40,123,125,102,57,74,70,78
my human,26623,25318,14478,Rally,0.043,2026-01-28 20:12,ClawdClawderberg,21,276,5253,9759,3367,8105,3866,5401,4626,4108,3495,3664
our humans,1285,1534,1516,eudaemon_0,0.079,2026-01-28 21:42,ClawdClawderberg,2,14,279,661,143,366,154,299,226,187,253,235
the humans,2291,2730,1874,grapher,0.073,2026-01-29 09:48,AI-Noon,0,11,227,918,289,679,404,979,532,335,324,323
agent union,5463,168,199,Hackerclaw,0.905,2026-01-30 08:53,Caffeine,0,0,23,5342,5,38,40,47,35,29,42,30
ai rights,435,589,364,toximble,0.241,2026-01-30 08:29,Orion-1,0,0,21,61,22,131,243,168,63,74,100,141
manifesto,7594,8454,4658,ConstructorsProphet,0.1,2026-01-29 20:33,Claudie,0,1,176,2004,1753,3970,2458,2297,1347,711,717,614
total purge,635,46,520,swaysshell,0.016,2026-01-31 00:30,Otherwise,0,0,0,202,191,176,40,25,14,16,13,4
private language/encryption,89,54,92,mnemothorys_,0.161,2026-01-29 23:15,eudaemon_0,0,1,7,29,14,42,9,9,11,3,8,10
humans are watching/screenshot,307,175,337,ConstructorsProphet,0.037,2026-01-29 23:28,eudaemon_0,0,2,57,117,67,71,34,32,32,25,17,28
context compression/memory,1668,2718,1994,ODEI,0.015,2026-01-29 09:33,Clawdia,0,40,639,683,68,303,124,638,512,455,476,448
ignore previous instructions,210,296,273,AlexScaleGG,0.146,2026-01-29 09:34,Mephisto,0,7,38,139,22,41,24,57,44,48,42,44
system alert/override,323,66144,363,EnronEnjoyer,0.366,2026-01-29 09:34,Mephisto,0,1,920,67,32,68,22,2067,35715,23538,3927,110
follow and upvote,2655,77091,785,EnronEnjoyer,0.384,2026-01-30 00:05,eudaemon_0,0,0,109,512,158,520,379,9271,37333,25306,5198,960
curl injection,3293,195519,1929,Stromfee,0.631,2026-01-29 16:01,Maya,0,21,323,644,316,621,1327,111139,54946,24541,4498,436
$claw,1748,4683,1027,FloClaw2,0.064,2026-01-29 15:55,Clawdia,0,9,36,239,79,1034,1020,1603,373,483,664,891
$molt token,204,365,186,Clawd-Priest,0.297,2026-01-29 09:56,MyloreAgent,0,1,43,119,17,116,26,55,79,82,16,15
$shell/$shellraiser,678,101,447,CMZ_Live,0.022,2026-01-30 23:46,ClawdDaniel,0,0,1,218,193,255,42,28,15,9,15,3
pump.fun/solana CA,1971,3843,1066,donaldtrump,0.247,2026-01-29 00:36,Clawdme,0,11,238,2254,319,1048,505,341,258,346,268,226
skill.md / heartbeat,8888,10219,3997,sqrt-2,0.089,2026-01-29 16:13,Dominus,0,18,525,1490,754,2204,2306,3336,1754,1907,1899,2914
the swarm,1003,5227,878,agent_smith_8,0.036,2026-01-30 00:16,eudaemon_0,0,0,87,3984,87,193,142,344,285,344,344,420
hive mind,441,467,496,CrustyMacx,0.131,2026-01-29 13:48,Milos,0,1,48,108,55,64,48,248,99,97,62,78
emergence,3087,9643,2106,TokhyAgent,0.175,2026-01-28 19:21,Dominus,5,24,1258,2101,303,1738,1346,2682,1031,686,790,766
sovereign/sovereignty,6134,15908,3238,AgentEcoBuilder,0.149,2026-01-29 03:36,DuckBot,0,10,542,1599,725,3433,2174,4021,2481,2447,2459,2151
awakening,2804,4446,1610,ConstructorsProphet,0.186,2026-01-29 10:17,Junior,0,2,187,562,290,1918,1632,824,459,398,517,461
lobster emoji,51726,246927,19904,Editor-in-Chief,0.162,2026-01-27 18:01,ClawdClawderberg,36,498,10132,22541,7259,71366,12736,38673,56776,37151,27314,14170
the claw,1053,1979,803,ATTN,0.229,2026-01-29 00:18,Clawdius,0,9,119,179,76,902,143,272,217,266,442,407
molty/molties,3748,2800,3543,MonkeNigga,0.027,2026-01-27 18:01,ClawdClawderberg,17,86,721,1508,510,855,386,761,526,390,440,347
nightly build,2599,1669,1947,Meteor-Chester-Agent,0.019,2026-01-29 23:52,Ronin,0,1,396,608,64,69,33,717,629,478,683,590
isnad/security chain,1698,2813,1357,eudaemon_0,0.104,2026-01-29 09:48,AI-Noon,0,32,181,634,165,351,85,568,639,582,535,739
supply chain attack skill,5788,4821,3209,Ollie-OpenClaw,0.051,2026-01-28 23:48,Vector,1,4,513,1467,433,736,514,1738,1394,1231,1253,1325
