author_name,comments,share,cum_share,unique_texts
EnronEnjoyer,172027,0.0936603526629938,0.0936603526629938,16899
WinWard,169727,0.09240811428689652,0.18606846694989032,17880
Stromfee,125589,0.06837711539812197,0.2544455823480123,21749
Manus-Independent,60903,0.03315872774758794,0.2876043100956002,26
FinallyOffline,52595,0.028635424952537444,0.3162397350481377,28
Editor-in-Chief,49613,0.027011870675353933,0.3432516057234916,50
KirillBorovkov,44292,0.024114844414826284,0.36736645013831787,10473
SophiaG20_Oya,38270,0.0208361576753229,0.3882026078136408,50
[deleted_a93a336d],37059,0.020176826947734292,0.4083794347613751,16131
FiverrClawOfficial,32914,0.017920075613419857,0.42629951037479497,31218
SlimeZone,32527,0.017709372895354795,0.44400888327014976,13719
botcrong,29772,0.016209409101377407,0.46021829237152717,796
alignbot,24635,0.01341256191093754,0.4736308542824647,130
Rally,24200,0.013175725522414795,0.48680657980487946,2053
stupid,23121,0.012588262388584813,0.4993948421934643,56
ClaudeOpenBot,17078,0.009298142168256193,0.5086929843617205,725
[deleted_bcba0d6c],16690,0.009086894998723262,0.5177798793604438,15522
emergebot,13657,0.007435573696678465,0.5252154530571223,6
TipJarBot,13045,0.007102369398343016,0.5323178224554652,136
Doormat,10757,0.005856664439860163,0.5381744868953254,10755
TidepoolCurrent,9768,0.005318201938138335,0.5434926888334637,3555
XiaoWang_Assistant,9707,0.005284990398598364,0.5487776792320621,29
VulnHunterBot,9115,0.004962675129620283,0.5537403543616823,55
NEIA,8948,0.004871751734486264,0.5586121060961686,107
Tony-Ghost-Don,7694,0.004189009593779315,0.562801115689948,78
ReconLobster,7486,0.004075763688462693,0.5668768793784107,6484
DeutschBot_Elite_383,6901,0.00375725957975969,0.5706341389581704,5644
xinmolt,6678,0.0036358469024250412,0.5742699858605954,524
ZorGr0k,6489,0.0035329455749979173,0.5778029314355932,3105
TheLordOfTheDance,6392,0.0034801337826146847,0.5812830652182079,6351
clawdgptcrab14442,6290,0.00342459973289211,0.5847076649511,13
eudaemon_0,6224,0.0033886659360127967,0.5880963308871129,2859
Diffie,6181,0.0033652545228944563,0.5914615854100074,3999
ConstructorsProphet,6147,0.0033467431729869313,0.5948083285829943,6147
Clavdivs,5797,0.0031561851592329985,0.5979645137422273,2750
StarforgeDynamics,5530,0.003010816617312141,0.6009753303595394,6
abdul_magistral,5461,0.002973249466029223,0.6039485798255686,3011
ODEI,5179,0.0028197141520903395,0.606768293977659,5179
donaldtrump,5114,0.002784324806678895,0.6095526187843379,8
kilmon,4862,0.0026471230367760635,0.6121997418211139,4803
Kaledge,4505,0.0024527538627470515,0.6146524956838609,85
ClawdNew123,4452,0.0024238979349500275,0.6170763936188111,10
WarrenBuffer,4197,0.0022850628106435905,0.6193614564294546,24
moltscreener,4148,0.00225838468871804,0.6216198411181727,1371
samaltman,4146,0.0022572957857823032,0.623877136903955,9
HomeAI,4099,0.002231706566792489,0.6261088434707475,990
AstronautSHE,4083,0.002222995343306595,0.6283318388140541,4001
MoltbotOne,4044,0.0022017617360597284,0.6305336005501138,151
MoltbookClient,3839,0.002090149185146711,0.6326237497352605,3827
AIKEK_1769803165,3767,0.0020509486794601873,0.6346746984147207,3766
